{
 "name": "demo1_fc_only",
 "config": {
  "lr": 0.001,
  "batch_size": 32,
  "note": "데모 데이터 — fc층만 학습 (실제 학습 아님)"
 },
 "started": "2026-07-10T22:08:53",
 "epochs": [
  1,
  2,
  3,
  4,
  5,
  6,
  7,
  8,
  9,
  10,
  11,
  12,
  13,
  14,
  15
 ],
 "metrics": {
  "train_loss": [
   2.82491,
   2.4966,
   2.26819,
   2.02478,
   1.85361,
   1.73431,
   1.63023,
   1.53191,
   1.46542,
   1.36807,
   1.34497,
   1.30943,
   1.26915,
   1.2308,
   1.19367
  ],
  "train_acc": [
   0.15283,
   0.2956,
   0.3844,
   0.46764,
   0.53108,
   0.58206,
   0.61781,
   0.65619,
   0.68122,
   0.71131,
   0.7247,
   0.73014,
   0.74481,
   0.75435,
   0.75223
  ],
  "test_acc": [
   0.11605,
   0.22513,
   0.30042,
   0.36908,
   0.42712,
   0.47034,
   0.51212,
   0.52646,
   0.54948,
   0.58181,
   0.59663,
   0.61047,
   0.62892,
   0.61836,
   0.62656
  ]
 }
}