{
 "name": "demo2_full_finetune",
 "config": {
  "lr": 0.0001,
  "batch_size": 32,
  "note": "데모 데이터 — 전체 파인튜닝 (실제 학습 아님)"
 },
 "started": "2026-07-10T22:08:53",
 "epochs": [
  1,
  2,
  3,
  4,
  5,
  6,
  7,
  8,
  9,
  10,
  11,
  12,
  13,
  14,
  15
 ],
 "metrics": {
  "train_loss": [
   2.50895,
   2.13178,
   1.79273,
   1.54664,
   1.33405,
   1.16775,
   1.01087,
   0.87419,
   0.77875,
   0.72369,
   0.63945,
   0.581,
   0.53733,
   0.50712,
   0.48232
  ],
  "train_acc": [
   0.18972,
   0.35156,
   0.47358,
   0.5786,
   0.64743,
   0.71853,
   0.77134,
   0.79374,
   0.82789,
   0.85417,
   0.88534,
   0.88716,
   0.90594,
   0.90816,
   0.91313
  ],
  "test_acc": [
   0.13787,
   0.25733,
   0.36692,
   0.42714,
   0.49648,
   0.55342,
   0.60181,
   0.62607,
   0.67004,
   0.68682,
   0.70148,
   0.71981,
   0.74087,
   0.7539,
   0.7398
  ]
 }
}