{
 "name": "exp01_fc_only",
 "config": {
  "epochs": 10,
  "batch_size": 32,
  "lr": 0.001,
  "freeze_backbone": true,
  "device": "cuda"
 },
 "started": "2026-07-10T23:00:16",
 "epochs": [
  1,
  2,
  3,
  4,
  5,
  6,
  7,
  8,
  9,
  10
 ],
 "metrics": {
  "train_loss": [
   2.9958,
   2.07694,
   1.77577,
   1.63213,
   1.50334,
   1.46136,
   1.424,
   1.364,
   1.32296,
   1.30112
  ],
  "train_acc": [
   0.25125,
   0.48675,
   0.543,
   0.5635,
   0.5945,
   0.60425,
   0.6075,
   0.62325,
   0.639,
   0.639
  ],
  "test_loss": [
   2.01188,
   1.50225,
   1.2998,
   1.22634,
   1.18439,
   1.13497,
   1.11832,
   1.0662,
   1.06815,
   1.05418
  ],
  "test_acc": [
   0.5461,
   0.62129,
   0.65329,
   0.66341,
   0.66956,
   0.67191,
   0.67896,
   0.69396,
   0.69035,
   0.69161
  ]
 }
}