{
 "name": "exp04_aug_epochs20",
 "config": {
  "epochs": 20,
  "batch_size": 32,
  "lr": 0.0001,
  "freeze_backbone": false,
  "device": "cuda"
 },
 "started": "2026-07-15T15:36:33",
 "epochs": [
  1,
  2,
  3,
  4,
  5,
  6,
  7,
  8,
  9,
  10,
  11,
  12,
  13,
  14,
  15,
  16,
  17,
  18,
  19,
  20
 ],
 "metrics": {
  "train_loss": [
   2.75052,
   1.82469,
   1.56247,
   1.38432,
   1.24935,
   1.1706,
   1.07757,
   0.99669,
   0.92861,
   0.87194,
   0.85075,
   0.79871,
   0.75621,
   0.70072,
   0.6923,
   0.70792,
   0.65249,
   0.644,
   0.62473,
   0.61195
  ],
  "train_acc": [
   0.321,
   0.53875,
   0.60775,
   0.64325,
   0.66675,
   0.68975,
   0.71475,
   0.73925,
   0.75775,
   0.7715,
   0.77125,
   0.78925,
   0.799,
   0.81825,
   0.82025,
   0.81325,
   0.825,
   0.82325,
   0.8355,
   0.8385
  ],
  "test_loss": [
   1.50168,
   1.20061,
   1.09186,
   0.99825,
   0.94119,
   0.92174,
   0.9001,
   0.86119,
   0.88614,
   0.8653,
   0.86976,
   0.85746,
   0.86739,
   0.8799,
   0.87055,
   0.8791,
   0.884,
   0.87212,
   0.90585,
   0.92371
  ],
  "test_acc": [
   0.62202,
   0.68764,
   0.69848,
   0.72379,
   0.72957,
   0.73427,
   0.73897,
   0.75072,
   0.7444,
   0.74819,
   0.74982,
   0.75795,
   0.75488,
   0.7462,
   0.74837,
   0.75127,
   0.74855,
   0.7538,
   0.74295,
   0.74277
  ]
 }
}