{
 "name": "exp03_aug_stronger",
 "config": {
  "epochs": 10,
  "batch_size": 32,
  "lr": 0.0001,
  "freeze_backbone": false,
  "device": "cuda"
 },
 "started": "2026-07-15T14:30:59",
 "epochs": [
  1,
  2,
  3,
  4,
  5,
  6,
  7,
  8,
  9,
  10
 ],
 "metrics": {
  "train_loss": [
   2.76312,
   1.85633,
   1.55728,
   1.39205,
   1.245,
   1.15162,
   1.06301,
   0.98481,
   0.95001,
   0.90525
  ],
  "train_acc": [
   0.315,
   0.542,
   0.6045,
   0.631,
   0.669,
   0.69975,
   0.719,
   0.74375,
   0.753,
   0.76075
  ],
  "test_loss": [
   1.54491,
   1.21256,
   1.07588,
   0.9902,
   0.93639,
   0.9632,
   0.93255,
   0.87589,
   0.87152,
   0.87106
  ],
  "test_acc": [
   0.61479,
   0.67263,
   0.70589,
   0.72578,
   0.73463,
   0.72523,
   0.73391,
   0.74747,
   0.75054,
   0.74892
  ]
 }
}