{
 "name": "exp02_full_finetune",
 "config": {
  "epochs": 10,
  "batch_size": 32,
  "lr": 0.0001,
  "freeze_backbone": false,
  "device": "cuda"
 },
 "started": "2026-07-11T13:01:06",
 "epochs": [
  1,
  2,
  3,
  4,
  5,
  6,
  7,
  8,
  9,
  10
 ],
 "metrics": {
  "train_loss": [
   2.66731,
   1.67699,
   1.37447,
   1.20073,
   1.07566,
   0.99759,
   0.88726,
   0.82054,
   0.77047,
   0.74274
  ],
  "train_acc": [
   0.339,
   0.57475,
   0.65425,
   0.691,
   0.728,
   0.747,
   0.7735,
   0.79275,
   0.802,
   0.8045
  ],
  "test_loss": [
   1.5079,
   1.17259,
   1.0064,
   0.94182,
   0.89578,
   0.87696,
   0.88064,
   0.87525,
   0.87578,
   0.86045
  ],
  "test_acc": [
   0.62364,
   0.70192,
   0.73228,
   0.74349,
   0.75398,
   0.75217,
   0.74548,
   0.75145,
   0.75108,
   0.75651
  ]
 }
}