{
 "name": "exp05_person_crop",
 "config": {
  "epochs": 20,
  "batch_size": 32,
  "lr": 0.0001,
  "freeze_backbone": false,
  "device": "cuda",
  "person_crop": true,
  "crop_margin": 1.5
 },
 "started": "2026-07-15T16:39:31",
 "epochs": [
  1,
  2,
  3,
  4,
  5,
  6,
  7,
  8,
  9,
  10,
  11,
  12,
  13,
  14,
  15,
  16,
  17,
  18,
  19,
  20
 ],
 "metrics": {
  "train_loss": [
   3.00172,
   2.15687,
   1.88069,
   1.65353,
   1.52297,
   1.40993,
   1.3204,
   1.23319,
   1.16022,
   1.12159,
   1.06915,
   1.02196,
   0.97475,
   0.94582,
   0.90385,
   0.89389,
   0.85421,
   0.81287,
   0.81405,
   0.79318
  ],
  "train_acc": [
   0.244,
   0.45925,
   0.511,
   0.567,
   0.597,
   0.63075,
   0.64975,
   0.673,
   0.69125,
   0.6995,
   0.70875,
   0.7235,
   0.7325,
   0.7425,
   0.75825,
   0.76225,
   0.76625,
   0.7825,
   0.7765,
   0.78975
  ],
  "test_loss": [
   1.92948,
   1.53243,
   1.3583,
   1.26804,
   1.19745,
   1.12737,
   1.0858,
   1.0588,
   1.03357,
   1.05126,
   1.0669,
   1.03304,
   1.08216,
   1.05576,
   1.04631,
   1.06906,
   1.03261,
   1.03436,
   1.04825,
   1.04259
  ],
  "test_acc": [
   0.50741,
   0.59526,
   0.62202,
   0.65184,
   0.66251,
   0.67552,
   0.68601,
   0.69432,
   0.7077,
   0.69577,
   0.68854,
   0.69848,
   0.68547,
   0.6945,
   0.70047,
   0.68691,
   0.70752,
   0.7068,
   0.70788,
   0.70047
  ]
 }
}