{
 "name": "exp02b_full_lr1e-3",
 "config": {
  "epochs": 10,
  "batch_size": 32,
  "lr": 0.001,
  "freeze_backbone": false,
  "device": "cuda"
 },
 "started": "2026-07-11T13:17:14",
 "epochs": [
  1,
  2,
  3,
  4,
  5,
  6,
  7,
  8,
  9,
  10
 ],
 "metrics": {
  "train_loss": [
   3.01758,
   2.56778,
   2.35817,
   2.17263,
   2.04461,
   1.97565,
   1.9174,
   1.82142,
   1.70641,
   1.63532
  ],
  "train_acc": [
   0.209,
   0.3125,
   0.36425,
   0.40325,
   0.4325,
   0.45525,
   0.46475,
   0.49725,
   0.5235,
   0.541
  ],
  "test_loss": [
   3.18973,
   2.24331,
   2.26113,
   2.15657,
   1.89792,
   2.10638,
   2.28382,
   1.83026,
   2.06447,
   1.69156
  ],
  "test_acc": [
   0.21692,
   0.38106,
   0.38503,
   0.42914,
   0.46782,
   0.46728,
   0.42878,
   0.49729,
   0.46294,
   0.54953
  ]
 }
}